{
  "timestamp": "2025-11-26T04:19:39.789270",
  "ml_metrics": {
    "vuln_detector": {
      "precision": 0.9844253490870032,
      "recall": 0.9703546850185283,
      "f1": 0.9773393761663557,
      "accuracy": 0.970080957409363,
      "roc_auc": 0.9975049045557873
    },
    "attack_classifier": {
      "precision": 0.5932578313889031,
      "recall": 0.5505558496559025,
      "f1": 0.5561289639960232,
      "accuracy": 0.5505558496559025
    },
    "severity_predictor": {
      "mae": 1.4175501916604656,
      "rmse": 2.0818199411842038,
      "r2": 0.6740918290618418
    },
    "tool_recommender": {
      "precision": 0.05444444444444444,
      "recall": 0.23333333333333334,
      "f1": 0.08828828828828829,
      "accuracy": 0.23333333333333334
    }
  },
  "rl_metrics": {
    "avg_episode_reward": 0.0,
    "episodes_trained": 50,
    "epsilon": 1.0,
    "memory_size": 0
  },
  "datasets_used": [
    "CSIC",
    "SecLists",
    "ExploitDB",
    "CVE/CWE",
    "Security-Patches",
    "AWSGoat",
    "CloudGoat",
    "Stratus-RedTeam",
    "UNSW-NB15"
  ]
}