{
  "timestamp": "2025-11-26T03:48:29.065054",
  "ml_metrics": {
    "vuln_detector": {
      "precision": 0.9891067538126361,
      "recall": 0.9700854700854701,
      "f1": 0.9795037756202805,
      "accuracy": 0.9730878186968839,
      "roc_auc": 0.9979140293938089
    },
    "attack_classifier": {
      "precision": 0.5794926368923118,
      "recall": 0.5528846153846154,
      "f1": 0.5540731097593832,
      "accuracy": 0.5528846153846154
    },
    "severity_predictor": {
      "mae": 1.4252871789410042,
      "rmse": 2.067916641058104,
      "r2": 0.6810614748000785
    },
    "tool_recommender": {
      "precision": 0.05444444444444444,
      "recall": 0.23333333333333334,
      "f1": 0.08828828828828829,
      "accuracy": 0.23333333333333334
    }
  },
  "rl_metrics": {
    "avg_episode_reward": 0.0,
    "episodes_trained": 50,
    "epsilon": 1.0,
    "memory_size": 0
  },
  "datasets_used": [
    "CSIC",
    "SecLists",
    "ExploitDB",
    "CVE/CWE",
    "Security-Patches",
    "UNSW-NB15"
  ]
}