{
  "timestamp": "2025-11-26T04:11:23.347862",
  "ml_metrics": {
    "vuln_detector": {
      "precision": 0.9839228295819936,
      "recall": 0.9750398300584174,
      "f1": 0.9794611896505735,
      "accuracy": 0.9728395061728395,
      "roc_auc": 0.9976930363223355
    },
    "attack_classifier": {
      "precision": 0.5850160586231489,
      "recall": 0.5533722782793414,
      "f1": 0.5556046488218027,
      "accuracy": 0.5533722782793414
    },
    "severity_predictor": {
      "mae": 1.410247026901481,
      "rmse": 2.023185122057636,
      "r2": 0.6900158153093441
    },
    "tool_recommender": {
      "precision": 0.05444444444444444,
      "recall": 0.23333333333333334,
      "f1": 0.08828828828828829,
      "accuracy": 0.23333333333333334
    }
  },
  "rl_metrics": {
    "avg_episode_reward": 0.0,
    "episodes_trained": 50,
    "epsilon": 1.0,
    "memory_size": 0
  },
  "datasets_used": [
    "CSIC",
    "SecLists",
    "ExploitDB",
    "CVE/CWE",
    "Security-Patches",
    "AWSGoat",
    "CloudGoat",
    "UNSW-NB15"
  ]
}