{
  "timestamp": "2025-11-26T04:45:48.975574",
  "ml_metrics": {
    "vuln_detector": {
      "precision": 0.9267501159017153,
      "recall": 0.951451689671585,
      "f1": 0.9389384687646782,
      "accuracy": 0.9200492004920049,
      "roc_auc": 0.9840144798864965
    },
    "attack_classifier": {
      "precision": 0.6283405915641617,
      "recall": 0.5956232159847764,
      "f1": 0.5984164992671195,
      "accuracy": 0.5956232159847764
    },
    "severity_predictor": {
      "mae": 1.4938444801328077,
      "rmse": 2.1299474985606137,
      "r2": 0.6659954632113261
    },
    "tool_recommender": {
      "precision": 0.05444444444444444,
      "recall": 0.23333333333333334,
      "f1": 0.08828828828828829,
      "accuracy": 0.23333333333333334
    }
  },
  "rl_metrics": {
    "avg_episode_reward": 0.0,
    "episodes_trained": 50,
    "epsilon": 1.0,
    "memory_size": 0
  },
  "datasets_used": [
    "CSIC",
    "SecLists",
    "ExploitDB",
    "CVE/CWE",
    "Security-Patches",
    "AWSGoat",
    "CloudGoat",
    "Stratus-RedTeam",
    "OWASP-Benchmark",
    "UNSW-NB15"
  ]
}