{
  "timestamp": "2025-11-26T02:25:00.150323",
  "ml_metrics": {
    "vuln_detector": {
      "precision": 0.9662162162162162,
      "recall": 0.910828025477707,
      "f1": 0.9377049180327869,
      "accuracy": 0.9518987341772152,
      "roc_auc": 0.993287681314564
    },
    "attack_classifier": {
      "precision": 0.8565640274943975,
      "recall": 0.8264331210191083,
      "f1": 0.8398352693128038,
      "accuracy": 0.8264331210191083
    },
    "severity_predictor": {
      "mae": 0.9464312567875257,
      "rmse": 1.7419576299062254,
      "r2": 0.7540291693671403
    },
    "tool_recommender": {
      "precision": 0.05444444444444444,
      "recall": 0.23333333333333334,
      "f1": 0.08828828828828829,
      "accuracy": 0.23333333333333334
    }
  },
  "rl_metrics": {
    "avg_episode_reward": 0.0,
    "episodes_trained": 50,
    "epsilon": 1.0,
    "memory_size": 0
  },
  "datasets_used": [
    "CSIC",
    "SecLists",
    "UNSW-NB15"
  ]
}