{
  "timestamp": "2025-11-26T04:03:32.026769",
  "ml_metrics": {
    "vuln_detector": {
      "precision": 0.983957219251337,
      "recall": 0.979765708200213,
      "f1": 0.9818569903948773,
      "accuracy": 0.9759717314487633,
      "roc_auc": 0.9983220125110748
    },
    "attack_classifier": {
      "precision": 0.5824254729668,
      "recall": 0.5516506922257721,
      "f1": 0.5533594544140327,
      "accuracy": 0.5516506922257721
    },
    "severity_predictor": {
      "mae": 1.4133994882073255,
      "rmse": 2.0325729090600877,
      "r2": 0.6867333992240596
    },
    "tool_recommender": {
      "precision": 0.05444444444444444,
      "recall": 0.23333333333333334,
      "f1": 0.08828828828828829,
      "accuracy": 0.23333333333333334
    }
  },
  "rl_metrics": {
    "avg_episode_reward": 0.0,
    "episodes_trained": 50,
    "epsilon": 1.0,
    "memory_size": 0
  },
  "datasets_used": [
    "CSIC",
    "SecLists",
    "ExploitDB",
    "CVE/CWE",
    "Security-Patches",
    "AWSGoat",
    "UNSW-NB15"
  ]
}