{
  "timestamp": "2025-11-26T02:54:51.390992",
  "ml_metrics": {
    "vuln_detector": {
      "precision": 0.9818702290076335,
      "recall": 0.9545454545454546,
      "f1": 0.9680150517403575,
      "accuracy": 0.9665024630541872,
      "roc_auc": 0.996536439251025
    },
    "attack_classifier": {
      "precision": 0.7062255593214681,
      "recall": 0.6790352504638218,
      "f1": 0.684785080036227,
      "accuracy": 0.6790352504638218
    },
    "severity_predictor": {
      "mae": 1.3555930384147348,
      "rmse": 2.167870781530933,
      "r2": 0.6904522478336694
    },
    "tool_recommender": {
      "precision": 0.05444444444444444,
      "recall": 0.23333333333333334,
      "f1": 0.08828828828828829,
      "accuracy": 0.23333333333333334
    }
  },
  "rl_metrics": {
    "avg_episode_reward": 0.0,
    "episodes_trained": 50,
    "epsilon": 1.0,
    "memory_size": 0
  },
  "datasets_used": [
    "CSIC",
    "SecLists",
    "ExploitDB",
    "UNSW-NB15"
  ]
}