{
  "timestamp": "2025-11-26T03:39:39.485312",
  "ml_metrics": {
    "vuln_detector": {
      "precision": 0.9834345665378245,
      "recall": 0.9742888402625821,
      "f1": 0.9788403407529541,
      "accuracy": 0.9723021582733813,
      "roc_auc": 0.9978339393744369
    },
    "attack_classifier": {
      "precision": 0.5695094116419632,
      "recall": 0.5322757111597374,
      "f1": 0.536123044223517,
      "accuracy": 0.5322757111597374
    },
    "severity_predictor": {
      "mae": 1.4032125405613796,
      "rmse": 2.0804392299018155,
      "r2": 0.6776125801111346
    },
    "tool_recommender": {
      "precision": 0.05444444444444444,
      "recall": 0.23333333333333334,
      "f1": 0.08828828828828829,
      "accuracy": 0.23333333333333334
    }
  },
  "rl_metrics": {
    "avg_episode_reward": 0.0,
    "episodes_trained": 50,
    "epsilon": 1.0,
    "memory_size": 0
  },
  "datasets_used": [
    "CSIC",
    "SecLists",
    "ExploitDB",
    "CVE/CWE",
    "UNSW-NB15"
  ]
}