{
  "phases": {
    "reconnaissance": {
      "durations": [
        474.898313,
        504.864907,
        393.927922,
        532.260106,
        524.663019,
        273.021472,
        297.920755,
        219.772318,
        238.595331,
        78.354578
      ],
      "avg_duration": 353.82787210000004
    },
    "enumeration": {
      "durations": [
        519.550243,
        528.196221,
        568.161684,
        580.228132,
        581.267031,
        563.613726,
        555.554181,
        309.693951,
        209.756081,
        34.541131
      ],
      "avg_duration": 445.0562381
    },
    "vulnerability_scan": {
      "durations": [
        609.040644,
        287.003913,
        251.832528,
        258.150591,
        546.755075,
        10.550439,
        15.963478,
        16.192438,
        6.522569,
        3.944744
      ],
      "avg_duration": 200.5956419
    },
    "exploitation": {
      "durations": [
        0.001109,
        0.00103,
        3.006265,
        1392.832864,
        718.65119,
        1076.661151,
        969.59045,
        744.937256,
        213.419626,
        448.173385
      ],
      "avg_duration": 556.7274325999999
    },
    "post_exploitation": {
      "durations": [
        0.001734,
        0.001101,
        0.000968,
        0.000601,
        0.001034,
        0.001102,
        0.001453,
        0.004073,
        108.48238,
        97.070307
      ],
      "avg_duration": 20.5564753
    }
  }
}