{
  "phases": {
    "reconnaissance": {
      "durations": [
        4.01284,
        4.012483,
        332.557184,
        306.69905,
        306.700961,
        452.65331,
        474.898313,
        504.864907,
        393.927922,
        532.260106
      ],
      "avg_duration": 331.2587076
    },
    "enumeration": {
      "durations": [
        5.016051,
        5.014715,
        320.625958,
        324.010705,
        321.472598,
        330.279939,
        519.550243,
        528.196221,
        568.161684,
        580.228132
      ],
      "avg_duration": 350.25562460000003
    },
    "vulnerability_scan": {
      "durations": [
        5.015477,
        5.016292,
        107.90833,
        127.293184,
        122.522391,
        630.466169,
        609.040644,
        287.003913,
        251.832528,
        258.150591
      ],
      "avg_duration": 240.4249519
    },
    "exploitation": {
      "durations": [
        0.000677,
        0.001187,
        0.001024,
        0.001377,
        0.001048,
        0.001104,
        0.001109,
        0.00103,
        3.006265,
        1392.832864
      ],
      "avg_duration": 139.5847685
    },
    "post_exploitation": {
      "durations": [
        0.000768,
        0.000818,
        0.001736,
        0.001551,
        0.002115,
        0.001272,
        0.001734,
        0.001101,
        0.000968,
        0.000601
      ],
      "avg_duration": 0.0012664
    }
  }
}