{
  "phases": {
    "reconnaissance": {
      "durations": [
        4.01284,
        4.012483,
        332.557184,
        306.69905,
        306.700961,
        452.65331,
        474.898313,
        504.864907,
        393.927922
      ],
      "avg_duration": 308.9252188888889
    },
    "enumeration": {
      "durations": [
        5.016051,
        5.014715,
        320.625958,
        324.010705,
        321.472598,
        330.279939,
        519.550243,
        528.196221,
        568.161684
      ],
      "avg_duration": 324.70312377777776
    },
    "vulnerability_scan": {
      "durations": [
        5.015477,
        5.016292,
        107.90833,
        127.293184,
        122.522391,
        630.466169,
        609.040644,
        287.003913,
        251.832528
      ],
      "avg_duration": 238.45543644444444
    },
    "exploitation": {
      "durations": [
        0.000677,
        0.001187,
        0.001024,
        0.001377,
        0.001048,
        0.001104,
        0.001109,
        0.00103,
        3.006265
      ],
      "avg_duration": 0.3349801111111111
    },
    "post_exploitation": {
      "durations": [
        0.000768,
        0.000818,
        0.001736,
        0.001551,
        0.002115,
        0.001272,
        0.001734,
        0.001101,
        0.000968
      ],
      "avg_duration": 0.0013403333333333334
    }
  }
}