{
  "phases": {
    "reconnaissance": {
      "durations": [
        4.01284,
        4.012483,
        332.557184,
        306.69905,
        306.700961
      ],
      "avg_duration": 190.7965036
    },
    "enumeration": {
      "durations": [
        5.016051,
        5.014715,
        320.625958,
        324.010705,
        321.472598
      ],
      "avg_duration": 195.2280054
    },
    "vulnerability_scan": {
      "durations": [
        5.015477,
        5.016292,
        107.90833,
        127.293184,
        122.522391
      ],
      "avg_duration": 73.5511348
    },
    "exploitation": {
      "durations": [
        0.000677,
        0.001187,
        0.001024,
        0.001377,
        0.001048
      ],
      "avg_duration": 0.0010626
    },
    "post_exploitation": {
      "durations": [
        0.000768,
        0.000818,
        0.001736,
        0.001551,
        0.002115
      ],
      "avg_duration": 0.0013976000000000001
    }
  }
}