{
  "total_steps": 745,
  "total_episodes": 90,
  "best_avg_reward": 125.32257570525012,
  "episode_rewards": [
    35.706552978356676,
    35.68004026611646,
    77.6121319949627,
    48.427789920568465,
    61.01636861562729,
    41.83594044446945,
    26.820818253358205,
    103.75272532304128,
    35.32369390328725,
    22.375361615419386,
    49.8745400150617,
    18.58973146478335,
    43.58867604732513,
    50.36656234264374,
    34.40141742626826,
    33.9291592001915,
    35.31840506394704,
    42.40386172135671,
    39.757958044608436,
    40.76884256601333,
    30.308531786998113,
    40.73241649270058,
    51.37195957899094,
    18.581648604075113,
    242.4441786746184,
    29.840920293331145,
    41.809528325001395,
    49.86979427735011,
    41.8469168583552,
    44.284001465638475,
    165.34506761233013,
    159.41482461889586,
    133.40845867991447,
    74.76116766730944,
    164.35337423086168,
    21.781599946816765,
    73.45697147448858,
    183.80676316817602,
    176.41721801559132,
    84.37878840764364,
    181.44659084280332,
    131.818940025568,
    73.30641985932988,
    84.91290883819264,
    80.91554641922315,
    181.34795565406483,
    143.80961267948152,
    84.26144316395124,
    84.84139283895493,
    91.88616532683372,
    235.89137194951377,
    118.42116627494494,
    78.38898272514344,
    132.32279804348946,
    183.44528426130614,
    181.31981080571813,
    81.3115118364493,
    83.77744153936705,
    20.2738289753596,
    84.40532792607942,
    40.35757054289182,
    47.90914576450984,
    17.267778108517327,
    35.453913589318596,
    10.669071129957835,
    25.851208196083707,
    57.97149794101715,
    13.739357554912567,
    54.43445539673169,
    19.877292889356614,
    52.56541349291801,
    26.488784541686375,
    24.315470351775488,
    43.806046714385346,
    35.376273560523984,
    53.809955294926965,
    11.885642224550248,
    40.96882768273354,
    33.350254017114636,
    38.578929481903714,
    50.88388691544533,
    44.434922474622724,
    20.475933414697646,
    43.76509918371836,
    19.884861371914546,
    40.968284147977826,
    50.03814308643341,
    39.54209979573886,
    23.388516128063202,
    26.424322402477262
  ],
  "episode_findings": [
    20,
    23,
    47,
    62,
    24,
    20,
    22,
    20,
    23,
    18,
    24,
    16,
    22,
    24,
    20,
    16,
    20,
    24,
    19,
    20,
    20,
    15,
    21,
    20,
    111,
    21,
    28,
    21,
    20,
    17,
    56,
    55,
    26,
    22,
    55,
    18,
    22,
    72,
    66,
    20,
    66,
    70,
    18,
    20,
    21,
    65,
    20,
    23,
    20,
    20,
    71,
    63,
    20,
    20,
    68,
    66,
    20,
    19,
    22,
    20,
    24,
    21,
    31,
    20,
    21,
    20,
    21,
    24,
    21,
    17,
    23,
    20,
    22,
    20,
    21,
    23,
    20,
    20,
    20,
    23,
    20,
    14,
    20,
    25,
    17,
    20,
    27,
    20,
    20,
    16
  ],
  "config": {
    "targets": [
      {
        "name": "OWASP Juice Shop",
        "host": "demo.owasp-juice.shop",
        "port": 443,
        "target_type": "web",
        "difficulty": "medium",
        "known_vulns": [
          "sql_injection",
          "xss",
          "broken_auth",
          "sensitive_data_exposure"
        ],
        "enabled": true
      },
      {
        "name": "Local VM Target 1",
        "host": "192.168.131.128",
        "port": 80,
        "target_type": "web",
        "difficulty": "medium",
        "known_vulns": [
          "multiple"
        ],
        "enabled": true
      },
      {
        "name": "Canonical Landscape",
        "host": "landscape.canonical.com",
        "port": 443,
        "target_type": "web",
        "difficulty": "hard",
        "known_vulns": [
          "to_discover"
        ],
        "enabled": true
      }
    ],
    "episodes_per_target": 30,
    "max_steps_per_episode": 100,
    "learning_rate": 0.0001,
    "gamma": 0.99,
    "batch_size": 64,
    "use_per": true,
    "use_noisy_nets": true
  }
}